{
    "manifest": {
        "name": "AliuHub",
        "author": "Rhy#1752",
        "version": "1.0.1",
        "updater": "https:\/\/raw.githubusercontent.com\/RhyMegu\/MiscThemes\/main\/AliuHub\/AliuHub.json",
        "license": "MIT"
    },
    "background": {},
    "fonts": {},
    "simple_colors": {
        "background": -15329770,
        "background_secondary": -16053493,
        "mention_highlight": 300200960,
        "accent": -23782
    },
    "colors": {
        "uikit_btn_bg_color_selector_green": -23782,
        "uikit_btn_bg_color_selector_red": -1890997,
        "reddit": -2725874,
        "reddit_500": -5089523,
        "status_red": -1890997,
        "status_red_100": -1890997,
        "status_green_100": -13063026,
        "status_green_130": -14644625,
        "status_green_160": -14110579,
        "status_green_200": -13135237,
        "status_green_230": -12666214,
        "status_green_260": -14174318,
        "status_green_300": -12217473,
        "status_green_330": -12666214,
        "status_green_360": -12284550,
        "status_green_400": -12666214,
        "status_green_430": -15083353,
        "status_green_460": -12666214,
        "status_green_500": -12666214,
        "status_green_530": -14374778,
        "status_green_560": -12666214,
        "status_green_600": -12803449,
        "status_green_630": -12666214,
        "status_green_660": -15030141,
        "status_green_700": -14899325,
        "status_green_730": -13068931,
        "status_green_760": -14962550,
        "status_green_800": -12666214,
        "status_green_830": -13663892,
        "status_green_960": -13977966,
        "status_green": -12666214,
        "uikit_btn_bg_color_selector_brand": -23782,
        "primary_600": -23782,
        "primary_dark_100": -23782,
        "primary_dark_300": -23782
    },
    "drawable_tints": {
        "drawable_overlay_channels_selected_dark": 427918985,
        "drawable_button_red": -1890997,
        "drawable_overlay_channels_active_dark": 1065453193,
        "drawable_button_grey": -23782,
        "ic_pin_24dp": -23782,
        "ic_thread": -23782,
        "ic_sidebar_pins_on_dark_24dp": -23782,
        "ic_sidebar_pins_off_dark_24dp": -23782,
        "ic_sidebar_notifications_off_dark_24dp": -23782,
        "ic_sidebar_notifications_on_dark_24dp": -23782,
        "ic_mark_unread_24dp": -23782,
        "ic_chat_message_white_24dp": -23782,
        "ic_channel_text_nsfw": -23782,
        "ic_channel_text_locked": -23782,
        "ic_channel_lock_16dp": -23782,
        "ic_channel_announcements_thread_nsfw": -23782,
        "ic_channel_announcements_thread_locked": -23782,
        "ic_channel_announcements_thread": -23782,
        "ic_channel_announcements_nsfw": -23782,
        "ic_channel_announcements_locked": -23782,
        "ic_channel_announcements_16dp": -23782,
        "ic_channel_announcements": -23782,
        "ic_text_channel_white_24dp": -23782,
        "ic_edit_24dp": -23782,
        "ic_menu_24dp": -23782,
        "ic_guild_invite_24dp": -23782,
        "ic_guild_settings_24dp": -23782,
        "ic_bell_20dp": -23782,
        "ic_bell_16dp": -23782,
        "ic_bell_12dp": -23782,
        "ic_user_profile_action_call_white_a60_24dp": -23782,
        "ic_user_profile_action_video_white_a60_24dp": -23782,
        "ic_user_profile_action_video_grey_a60_24dp": -23782,
        "ic_channel_text": -23782,
        "ic_emoji_picker_category_people": -23782,
        "ic_diag_link_24dp": -23782,
        "drawable_circle_interactive_text_normal": -989879526
    },
    "raws": {}
}