{
    "manifest": {
        "author": "Carnage.exe#0492",
        "version": "0.1",
        "name": "Among Us",
        "updater": "https:\/\/raw.githubusercontent.com\/001Carnage001\/AliuCord-Themes\/main\/Among%20Us%20Theme.json"
    },
    "background": {
        "overlay_alpha": 0,
        "url": "https:\/\/media.discordapp.net\/attachments\/900020694354649108\/901803577876574208\/gamer-game.gif"
    },
    "fonts": {
        "ginto_bold": "https:\/\/cdn.discordapp.com\/attachments\/900020694354649108\/901805466240311326\/Minecraft_Font.ttf",
        "ginto_medium": "https:\/\/cdn.discordapp.com\/attachments\/900020694354649108\/901805466240311326\/Minecraft_Font.ttf",
        "ginto_regular": "https:\/\/cdn.discordapp.com\/attachments\/900020694354649108\/901805466240311326\/Minecraft_Font.ttf",
        "*": "https:\/\/cdn.discordapp.com\/attachments\/900020694354649108\/901805466240311326\/Minecraft_Font.ttf"
    },
    "simple_colors": {
        "mention_highlight": 842923776,
        "accent": 973144017,
        "background": 268470015,
        "background_secondary": 65532
    },
    "colors": {
        "primary_dark_200": -16711692,
        "primary_dark_630": 620822524,
        "primary_dark_300": -16711937,
        "primary_dark_360": -16713985,
        "brand_new_630": -16711702,
        "uikit_btn_compound_color_selector_dark": -14286593,
        "uikit_btn_compound_color_selector_light": -16774657,
        "uikit_btn_bg_color_selector_background_accent_dark": -16717569,
        "uikit_btn_bg_color_selector_background_accent_light": -16715521,
        "uikit_btn_bg_color_selector_brand": -16716545,
        "uikit_btn_bg_color_selector_secondary": -16714497,
        "uikit_btn_bg_color_selector_secondary_dark": -16716545,
        "uikit_btn_bg_color_selector_secondary_light": -16756993,
        "uikit_btn_bg_color_selector_white": -131587,
        "uikit_btn_outline_color_selector_brand": -15466241,
        "uikit_settings_item_text_color_light": 1677728255,
        "uikit_settings_item_text_color_dark": -16771073,
        "link": -16742657,
        "grey_unread": -16719873,
        "primary_dark_400": -16711715
    },
    "drawable_tints": {
        "ic_sidebar_pins_off_light_24dp": -16742657,
        "ic_sidebar_notifications_off_dark_24dp": -16742657,
        "ic_sidebar_pins_on_light_24dp": -16742657,
        "ic_sidebar_notifications_on_light_24dp": -16742657,
        "ic_sidebar_pins_on_dark_24dp": -16742657,
        "ic_sidebar_pins_off_dark_24dp": -16742657,
        "ic_sidebar_notifications_off_light_24dp": -16742657,
        "ic_sidebar_notifications_on_dark_24dp": -16742657,
        "drawable_overlay_channel_pressed_dark": -16711848,
        "drawable_overlay_channel_pressed_light": -16711831,
        "drawable_overlay_channels_selected_dark": 2115588224,
        "drawable_overlay_channels_selected_light": 2098811008,
        "ic_unread_white_9dp": -16711707,
        "drawable_bg_voice_user_overlay": -12058880,
        "ic_unread_white_9dp_horiz": -16721409,
        "ic_status_idle_16dp": -16714497
    }
}