{
    "manifest": {
        "author": "Fred#9876",
        "name": "Aliucord AMOLED Theme",
        "updater": "https:\/\/raw.githubusercontent.com\/hairyfred\/Aliucord-AMOLED-Theme\/main\/DiscordThemer_Amoled.json",
        "version": "1.1.5"
    },
    "background": {},
    "fonts": {},
    "simple_colors": {
        "active_channel": 2135049805,
        "input_background": -16777216,
        "mention_highlight": 452634138,
        "statusbar": -16777216
    },
    "colors": {
        "button_material_dark": -15527149,
        "dark_grey_2": -16777216,
        "link": -16731916,
        "primary_500": -16777216,
        "primary_600": -16777216,
        "primary_630": -16777216,
        "primary_660": -16777216,
        "primary_700": -15527149,
        "primary_800": -16777216,
        "primary_dark_600": -16777216,
        "primary_dark_630": -16777216,
        "primary_dark_660": -16777216,
        "primary_dark_700": -16777216,
        "primary_dark_730": -16777216,
        "primary_dark_760": -16777216,
        "primary_dark_800": -16777216,
        "primary_dark_830": -16777216,
        "primary_dark_860": -16777216,
        "primary_light_100": -16777216,
        "primary_light_130": -16777216,
        "primary_light_200": -16777216
    },
    "drawable_tints": {
        "abc_textfield_default_mtrl_alpha": -16777216,
        "abc_textfield_search_material": -16777216,
        "drawable_overlay_channels_selected_dark": -15527149
    }
}