{
    "manifest": {
        "version": "1.2.0",
        "license": "MIT",
        "name": "midnight-coffee",
        "author": "kanned (karto)",
        "updater": "https:\/\/raw.githubusercontent.com\/kartoflu\/midnight-espresso\/main\/themes\/midnight-coffee.json"
    },
    "background": {},
    "fonts": {
        "whitney_medium": "https:\/\/github.com\/kartoflu\/midnight-espresso\/blob\/main\/fonts\/midnight-coffee\/Inconsolata-SemiBold.ttf?raw=true",
        "sourcecodepro_semibold": "https:\/\/github.com\/kartoflu\/midnight-espresso\/blob\/main\/fonts\/midnight-coffee\/Inconsolata-Medium.ttf?raw=true",
        "ginto_regular": "https:\/\/github.com\/kartoflu\/midnight-espresso\/blob\/main\/fonts\/midnight-coffee\/AnkaCoder_Condensed-Bold.ttf?raw=true",
        "ginto_medium": "https:\/\/github.com\/kartoflu\/midnight-espresso\/blob\/main\/fonts\/midnight-coffee\/AnkaCoder_Condensed-Bold.ttf?raw=true",
        "ginto_bold": "https:\/\/github.com\/kartoflu\/midnight-espresso\/blob\/main\/fonts\/midnight-coffee\/AnkaCoder_Condensed-Bold.ttf?raw=true",
        "whitney_semibold": "https:\/\/github.com\/kartoflu\/midnight-espresso\/blob\/main\/fonts\/midnight-coffee\/Inconsolata-Bold.ttf?raw=true",
        "whitney_bold": "https:\/\/github.com\/kartoflu\/midnight-espresso\/blob\/main\/fonts\/midnight-coffee\/Inconsolata-ExtraBold.ttf?raw=true"
    },
    "simple_colors": {
        "accent": -3426165,
        "mention_highlight": 1067548259,
        "statusbar": -11781070,
        "input_background": -11321036
    },
    "colors": {
        "primary_dark_600": -10531778,
        "primary_dark_800": -11321036,
        "primary_dark_630": -10794949,
        "primary_dark_700": -11321036,
        "primary_dark_660": -11321036,
        "primary_dark_200": -858927,
        "primary_dark_300": -5797775,
        "primary_dark_400": -5797775,
        "primary_dark_360": -6981790,
        "uikit_btn_compound_color_selector_light": -4281472,
        "uikit_btn_compound_color_selector_dark": -4281472,
        "black_alpha_10": 6245692,
        "uikit_btn_bg_color_selector_red": -4550267,
        "white_500": -1056809,
        "uikit_btn_bg_color_selector_green": -4550267,
        "uikit_settings_item_text_color_dark": -858927,
        "uikit_settings_item_text_color_light": -9151156,
        "link_500": -3426165,
        "link": -3426165,
        "black_alpha_80": -1957478092,
        "brand_new_560": 6245692,
        "brand_500_alpha_20": 850366850,
        "primary_630": -11321036,
        "primary_700": -10795206,
        "primary_700_alpha_60": -10795206,
        "primary_dark_900": -10531778,
        "primary_900_alpha_80": -10794949,
        "primary_660": -11321036,
        "brand_new_500": -4550267,
        "primary_dark_330": -5797775,
        "primary_300": -11321036
    },
    "drawable_tints": {
        "drawable_overlay_channels_selected_dark": -11321036,
        "ic_channel_text": -8427939,
        "ic_sidebar_pins_off_dark_24dp": -5797775,
        "ic_sidebar_notifications_on_dark_24dp": -5797775,
        "ic_sidebar_notifications_off_dark_24dp": -5797775,
        "drawable_voice_indicator_speaking": -4234902,
        "drawable_overlay_channels_dark": -11321036,
        "ic_direct_message_header": -8427939,
        "ic_menu_24dp": -5797775,
        "ic_channel_announcements": -8427939,
        "ic_channel_announcements_locked": -8427939,
        "ic_channel_announcements_nsfw": -8427939,
        "ic_channel_text_locked": -8427939,
        "ic_channel_text_nsfw": -8427939,
        "ic_thread": -5797775,
        "ic_thread_nsfw": -5797775,
        "ic_thread_locked": -5797775,
        "ic_channel_topic_ellipsis_light": -8427939,
        "ic_channel_topic_ellipsis_dark": -8427939,
        "ic_channel_voice_locked": -8427939,
        "ic_channel_voice": -8427939,
        "ic_channel_lock_16dp": -8427939,
        "ic_channel_announcements_thread_nsfw": -8427939,
        "ic_channel_announcements_thread_locked": -8427939,
        "ic_channel_announcements_thread": -8427939,
        "ic_channel_pinned_message": -5797775,
        "ic_sidebar_search_24dp": -5797775,
        "ic_flex_input_file_24dp_dark": -5797775,
        "empty_pins_dark": -5797775,
        "ic_archived_clock_dark": -5797775,
        "ic_file_download_white_24dp": -5797775,
        "ic_open_in_browser_white_24dp": -5797775,
        "ic_arrow_back_white_24dp": -5797775,
        "ic_share_white_24dp": -5797775,
        "ic_overflow_dark_24dp": -5797775,
        "ic_notifications_settings_white_a60_24dp": -2444138,
        "ic_thread_white_24dp": -2444138,
        "ic_content_copy_white_a60_24dp": -2444138,
        "ic_visibility_white_24dp": -2444138,
        "ic_notifications_white_a60_24dp": -2444138,
        "ic_notifications_off_white_a60_24dp": -2444138,
        "ic_settings_white_a60_24dp": -2444138,
        "ic_person_add_white_a60_24dp": -2444138,
        "ic_open_in_new_white_a60_24dp": -2444138,
        "ic_share_white_a60_24dp": -2444138,
        "ic_account_circle_white_a60_24dp": -2444138
    },
    "raws": {}
}