{
    "manifest": {
        "name": "midnight-espresso",
        "version": "2.0.0",
        "license": "MIT",
        "updater": "https:\/\/raw.githubusercontent.com\/kartoflu\/midnight-espresso\/main\/themes\/midnight-espresso.json",
        "author": "kanned (karto)"
    },
    "background": {},
    "fonts": {
        "whitney_semibold": "https:\/\/github.com\/kartoflu\/midnight-espresso\/blob\/main\/fonts\/midnight-espresso\/Cabin-SemiBold.ttf?raw=true",
        "whitney_medium": "https:\/\/github.com\/kartoflu\/midnight-espresso\/blob\/main\/fonts\/midnight-espresso\/Cabin-Medium.ttf?raw=true",
        "whitney_bold": "https:\/\/github.com\/kartoflu\/midnight-espresso\/blob\/main\/fonts\/midnight-espresso\/LexendDeca-Medium.ttf?raw=true",
        "ginto_regular": "https:\/\/github.com\/kartoflu\/midnight-espresso\/blob\/main\/fonts\/midnight-espresso\/NunitoSans-SemiBold.ttf?raw=true",
        "ginto_medium": "https:\/\/github.com\/kartoflu\/midnight-espresso\/blob\/main\/fonts\/midnight-espresso\/NunitoSans-Bold.ttf?raw=true",
        "ginto_bold": "https:\/\/github.com\/kartoflu\/midnight-espresso\/blob\/main\/fonts\/midnight-espresso\/NunitoSans-ExtraBold.ttf?raw=true"
    },
    "simple_colors": {
        "mention_highlight": 631145334,
        "statusbar": -15397107,
        "input_background": -15397107
    },
    "colors": {
        "primary_dark_600": -15725302,
        "primary_dark_800": -15725302,
        "primary_dark_630": -15397107,
        "primary_dark_700": -15725302,
        "primary_dark_660": -15397107,
        "primary_dark_200": -726299,
        "primary_dark_300": -6388874,
        "primary_dark_400": -6388874,
        "primary_dark_360": -6388874,
        "uikit_btn_compound_color_selector_light": -7177614,
        "uikit_btn_compound_color_selector_dark": -6388874,
        "black_alpha_10": 6245692,
        "uikit_btn_bg_color_selector_red": -6388874,
        "white_500": -1056809,
        "uikit_btn_bg_color_selector_green": -6388874,
        "uikit_settings_item_text_color_dark": -1056809,
        "uikit_settings_item_text_color_light": -11518408,
        "link_500": -2245458,
        "link": -2245458,
        "black_alpha_80": -15725302,
        "brand_new_560": 1380109,
        "brand_500_alpha_20": 832471926,
        "primary_630": -15397107,
        "primary_700": -15397107,
        "primary_700_alpha_60": -15397107,
        "primary_dark_900": -15725302,
        "primary_900_alpha_80": -15397107,
        "primary_660": -15397107,
        "brand_new_500": -6388874,
        "primary_dark_330": -6388874,
        "brand_new_260": -2245458,
        "abc_tint_switch_track": 832471926,
        "primary_300": -15002606
    },
    "drawable_tints": {
        "drawable_overlay_channels_selected_dark": -13160919,
        "ic_channel_text": -6388874,
        "ic_sidebar_pins_off_dark_24dp": -6388874,
        "ic_sidebar_notifications_on_dark_24dp": -6388874,
        "ic_sidebar_notifications_off_dark_24dp": -6388874,
        "drawable_voice_indicator_speaking": -4234902,
        "drawable_overlay_channels_dark": -13160919,
        "ic_direct_message_header": -6388874,
        "ic_menu_24dp": -6388874,
        "ic_channel_announcements": -6388874,
        "ic_channel_announcements_locked": -6388874,
        "ic_channel_announcements_nsfw": -6388874,
        "ic_channel_text_locked": -6388874,
        "ic_channel_text_nsfw": -6388874,
        "ic_thread": -6388874,
        "ic_thread_nsfw": -6388874,
        "ic_thread_locked": -6388874,
        "ic_channel_topic_ellipsis_light": -6388874,
        "ic_channel_topic_ellipsis_dark": -6388874,
        "ic_channel_voice_locked": -6388874,
        "ic_channel_voice": -6388874,
        "ic_channel_lock_16dp": -6388874,
        "ic_channel_announcements_thread_nsfw": -6388874,
        "ic_channel_announcements_thread_locked": -6388874,
        "ic_channel_announcements_thread": -6388874,
        "ic_channel_pinned_message": -6388874,
        "ic_sidebar_search_24dp": -6388874,
        "ic_flex_input_file_24dp_dark": -6388874,
        "empty_pins_dark": -6388874,
        "ic_archived_clock_dark": -6388874,
        "ic_file_download_white_24dp": -6388874,
        "ic_open_in_browser_white_24dp": -6388874,
        "ic_arrow_back_white_24dp": -6388874,
        "ic_share_white_24dp": -6388874,
        "ic_overflow_dark_24dp": -6388874,
        "ic_visibility_white_24dp": -274242,
        "ic_notifications_settings_white_a60_24dp": -274242,
        "ic_thread_white_24dp": -274242,
        "ic_content_copy_white_a60_24dp": -274242,
        "ic_person_add_white_a60_24dp": -274242,
        "ic_settings_white_a60_24dp": -274242,
        "ic_notifications_off_white_a60_24dp": -274242,
        "ic_notifications_white_a60_24dp": -274242,
        "ic_open_in_new_white_a60_24dp": -274242,
        "ic_share_white_a60_24dp": -274242,
        "ic_account_circle_white_a60_24dp": -274242
    },
    "raws": {}
}